{
	"format_version": "1.8.0",
	"animations": {
		"swrd.idle": {
			"animation_length": 1.5833,
			"bones": {
				"torso": {
					"rotation": {
						"vector": [12.5, 0, 0]
					}
				},
				"rightArm": {
					"rotation": {
						"vector": [-51.97345, -24.26651, -13.21086]
					}
				},
				"leftArm": {
					"rotation": {
						"vector": [-20.04016, 42.06902, 39.42105]
					}
				},
				"rightLeg": {
					"rotation": {
						"vector": [0, 0, 7.5]
					},
					"position": {
						"vector": [0, 0, 2]
					}
				},
				"leftLeg": {
					"rotation": {
						"vector": [16.93839, 4.46375, -14.33501]
					},
					"position": {
						"vector": [0, 0, 2]
					}
				}
			}
		},
		"swrd.slsh": {
			"animation_length": 0.5,
			"bones": {
				"head": {
					"rotation": {
						"0.0": {
							"vector": [0, 0, 0]
						},
						"0.2083": {
							"vector": [-18.07779, 14.2906, -4.60659]
						},
						"0.4167": {
							"vector": [0, 0, 0]
						}
					}
				},
				"torso": {
					"rotation": {
						"0.0": {
							"vector": [0, 0, 0]
						},
						"0.2083": {
							"vector": [0, 30, 0]
						},
						"0.4167": {
							"vector": [0, 0, 0]
						}
					}
				},
				"rightArm": {
					"rotation": {
						"0.0": {
							"vector": [0, 0, 0]
						},
						"0.125": {
							"vector": [-80.07501, 59.62449, 8.58445]
						},
						"0.2917": {
							"vector": [-135.07501, 59.62449, 8.58445]
						},
						"0.4167": {
							"vector": [-135.03892, -59.60337, 90.26169]
						}
					}
				},
				"leftArm": {
					"rotation": {
						"0.0": {
							"vector": [0, 0, 0]
						},
						"0.125": {
							"vector": [-69.98973, 50.76404, 15.75215]
						},
						"0.2917": {
							"vector": [-92.48973, 50.76404, 15.75215]
						},
						"0.4167": {
							"vector": [-40.41181, -24.38467, 30.00994]
						}
					}
				}
			}
		}
	},
	"geckolib_format_version": 2
}