{
	"format_version": "1.8.0",
	"animations": {
		"sword.slash2": {
			"animation_length": 0.6667,
			"bones": {
				"head": {
					"rotation": {
						"0.0": [0, 0, 0],
						"0.125": [0, -15, 0],
						"0.2917": [0, 20, 0]
					}
				},
				"torso": {
					"rotation": {
						"0.0": [0, -25, 0],
						"0.1667": [0, 0, 0],
						"0.2917": [0, 35, 0]
					}
				},
				"rightArm": {
					"rotation": {
						"0.0": [-135.03892, -59.60337, 90.26169],
						"0.1667": [-200.03892, -59.60337, 90.26169],
						"0.3333": [-57.57255, 16.40903, 45.47036]
					},
					"position": {
						"0.0": [1, -1, -3],
						"0.1667": [3, -1, -3],
						"0.3333": [1, -1, 2]
					},
					"scale": {
						"0.0": [1, 1, 1],
						"0.1667": [1, 1.1, 1],
						"0.3333": [1, 1, 1]
					}
				},
				"leftArm": {
					"rotation": {
						"0.0": [-40.41181, -24.38467, 30.00994],
						"0.1667": [-157.53278, -31.01002, 45.23431],
						"0.3333": [-44.3051, 14.29169, 70.07263]
					},
					"position": {
						"0.0": [0, 0, 0],
						"0.1667": [-2, 0, 0],
						"0.3333": [-1, 0, -3]
					},
					"scale": {
						"0.0": [1, 1, 1],
						"0.1667": [1, 0.9, 1],
						"0.3333": [1, 1, 1]
					}
				},
				"rightLeg": {
					"rotation": [22.5, 0, 0]
				},
				"leftLeg": {
					"rotation": [-7.5, 0, 0]
				}
			}
		}
	}
}